Weight,Height,Sex,Nationality
72.78821654646207,183.4867734169791,m,korea
66.60643049722357,173.59987734225987,m,korea
69.8063244997628,173.23790311962688,m,korea
67.44943898911903,173.2238053887803,m,korea
70.46318260258872,174.93194606124877,m,korea
65.44523941922378,177.03690520823417,m,korea
68.49744286935046,177.36851139546272,m,korea
68.46922159923268,181.4504424799701,m,korea
70.17153512711832,176.36152120736776,m,korea
70.89458815400614,171.8202679402329,m,korea
70.8709093174416,170.07945043819882,m,korea
68.96297211189756,180.87826528373031,m,korea
67.56629839346351,178.66971012760413,m,korea
72.95913783782261,172.58977963089075,m,korea
67.60590319694661,171.39837863174776,m,korea
73.14577853037066,173.74936920306402,m,korea
73.91079638880203,178.02902940823378,m,korea
63.43905594491431,173.6677149334124,m,korea
73.12465283893049,179.2117326054953,m,korea
66.33502007557715,172.50013267033145,m,korea
74.26060678566533,174.76384700235496,m,korea
69.00100689012415,171.8393610940446,m,korea
72.10040462941666,175.7279375504497,m,korea
74.36269148678232,176.85468813775176,m,korea
73.09041458547298,176.7779968477853,m,korea
67.9869374462552,171.16310105038502,m,korea
79.49053648513652,180.5123807453456,m,korea
63.46676372832588,171.42280239333218,m,korea
65.59944273655289,171.1779078204537,m,korea
66.25683359144122,171.9440665329638,m,korea
77.41274897246144,181.86296405103312,m,korea
66.01231282253235,167.97765309992215,m,korea
71.4781456830314,175.0855608786943,m,korea
71.93292003416383,172.17748252933796,m,korea
66.51200905326338,175.74101500752877,m,korea
79.41621133390389,179.89186654868988,m,korea
67.89887664115922,172.21890396112286,m,korea
75.61904124406846,183.8351290809996,m,korea
67.66828132607124,169.97549150536256,m,korea
68.01278016044901,175.09454965581577,m,korea
75.77996797931347,183.2878815171865,m,korea
69.64247936520812,180.71958209960664,m,korea
75.33087373119899,181.67836404212943,m,korea
80.85856483707904,183.1637735391382,m,korea
69.41575781151754,177.65005056151264,m,korea
72.56890533121113,174.25735872852508,m,korea
73.05517006380524,173.22509416890767,m,korea
73.52371665484095,177.18082994504692,m,korea
65.79858886023831,170.7395942809258,m,korea
70.41197131133737,175.54954124014594,m,korea
64.7272330292233,168.0947799109104,m,korea
71.81282068285473,176.7036013876259,m,korea
75.34141907723317,178.22489972043942,m,korea
64.81687210026364,172.4885591750313,m,korea
65.96026846383194,181.74673414023897,m,korea
70.79850165351644,171.30099464833137,m,korea
67.84230795219284,178.4046163994809,m,korea
71.6971521035725,178.17058023539656,m,korea
76.13632779998167,178.65107399391607,m,korea
71.21216915905303,176.82681998489335,m,korea
77.70746513895234,186.96817068716544,m,korea
67.17069595339122,171.53872583830324,m,korea
70.00806431795084,181.89982280405223,m,korea
75.1808643311927,182.98716173974643,m,korea
68.72161224195587,173.32287173062753,m,korea
72.01131751237192,173.86462779627186,m,korea
62.71847561667288,172.1979399854813,m,korea
66.05165111103555,175.76740079880585,m,korea
74.15966272898685,176.26892514910097,m,korea
72.9533375726285,175.48092661270786,m,korea
70.00438679267079,171.08217179695174,m,korea
75.1442221225958,178.97413880262192,m,korea
68.72049104528386,169.90712366017218,m,korea
70.8443743359287,171.90819360443294,m,korea
76.05570774016651,181.67406853731103,m,korea
69.76551134694905,169.75775503627082,m,korea
76.5800143998007,175.5838620528448,m,korea
67.69867474591801,174.23569109111557,m,korea
73.94310635371406,177.93383389422982,m,korea
68.24407077371006,174.87063438468647,m,korea
69.84398255735519,177.9515351309285,m,korea
69.1761989155987,177.01747129620324,m,korea
60.35724911148374,162.62180378997033,m,korea
68.68782017436558,176.47802630455092,m,korea
70.17299016213536,173.68768532300842,m,korea
69.06615033693217,171.56604815766315,m,korea
68.39441206623148,175.9538945425089,m,korea
65.21169492016821,171.32374737395415,m,korea
69.04458621174278,179.50699406716842,m,korea
70.1967157158575,171.68122894599537,m,korea
70.07371293908066,167.6710961100019,m,korea
71.97697123225365,175.2613438136516,m,korea
67.2520816927485,173.63445053056716,m,korea
77.35293741097242,178.45891524200468,m,korea
69.85242093528018,174.9043886258974,m,korea
74.29670222367994,178.89415839314282,m,korea
71.10048706898777,176.7380691820832,m,korea
69.69321745372223,169.14057069119625,m,korea
71.78586708606692,182.68860672325744,m,korea
69.65362199962637,172.60586574048398,m,korea
73.18037484475477,174.80507190173503,m,korea
65.99360872059214,172.92904973203665,m,korea
70.46378164044502,179.73262910766215,m,korea
72.3111303955588,177.492850536631,m,korea
80.34967294495006,176.79728327753517,m,korea
70.81725091296272,177.89509995509002,m,korea
68.51528335522906,174.91916192111387,m,korea
73.12999587802507,178.19532478160932,m,korea
68.45282691417874,175.81502557191865,m,korea
65.63513545348847,172.73211326177875,m,korea
66.45500132627753,167.855177234089,m,korea
65.31381968062428,173.15015093271904,m,korea
71.31795801392084,181.1550944041596,m,korea
65.3049381686925,176.11509065764494,m,korea
69.92816100588735,175.0854232281741,m,korea
71.42517184001159,174.737541190883,m,korea
72.0358861981386,175.24524175291052,m,korea
78.30399864747578,178.2737350304489,m,korea
64.11186185280003,172.6449297785658,m,korea
75.04060376828892,180.09305275155538,m,korea
68.7555769327126,179.49853266420578,m,korea
71.07977660490566,173.39469533389723,m,korea
65.6098986458507,171.39239530037938,m,korea
72.1478437122606,173.77175278079096,m,korea
72.16100585411708,182.1045847987733,m,korea
68.13947632168988,178.79057137739022,m,korea
73.66217996774422,179.3906369576808,m,korea
66.252281049659,169.52478400877018,m,korea
68.91673160541981,171.46040246766734,m,korea
77.92958689936205,185.85527970317185,m,korea
68.02626969768885,172.07203534134092,m,korea
73.13954823833858,177.55208841398616,m,korea
75.90444797012267,179.29624205881328,m,korea
65.19164924317482,168.44814359150018,m,korea
69.3903745890898,167.72236908738557,m,korea
64.42453443159667,175.83926357825283,m,korea
71.39806296412405,167.01240576289158,m,korea
69.03726325023062,175.3338878682095,m,korea
72.74474218170921,176.28672015844273,m,korea
66.89800590602253,178.8217360943978,m,korea
76.52199316678372,177.68007204490522,m,korea
72.98115446303582,175.60470740960096,m,korea
63.9866846576143,173.47692725270912,m,korea
73.51017437661383,174.62609420461882,m,korea
68.40590270007806,174.68426566854552,m,korea
68.24318949489347,178.36601672551282,m,korea
70.95260832071241,169.5560293898903,m,korea
68.54568097608727,178.20456040448713,m,korea
62.38271132582041,165.27915682616492,m,korea
76.08315643147489,178.22139455525576,m,korea
67.90090297972446,175.31098787815168,m,korea
77.99980153918877,180.6427401447505,m,korea
72.80992951609737,180.6126717485585,m,korea
70.66809768854856,171.8047384605777,m,korea
68.38425743803978,170.01242717359244,m,korea
65.85844555715077,174.63940277781987,m,korea
73.2814748015909,173.9386365701761,m,korea
67.35518146792741,173.88696052000293,m,korea
67.86648241141613,179.54289360436775,m,korea
75.44311968198735,176.27717606386517,m,korea
70.70119777188461,173.4569695332698,m,korea
72.56026594503967,171.3787383597523,m,korea
70.02910620380925,174.24058117094154,m,korea
79.63918978573062,184.5420961110425,m,korea
73.24240036199501,176.9799361990746,m,korea
72.65326624559323,169.53713752609949,m,korea
62.30421019711942,171.33146246979294,m,korea
69.50118993671676,181.8060749039655,m,korea
71.39639746069855,171.06169471575907,m,korea
67.55722299543311,172.62517377094358,m,korea
65.83444627474299,167.44702000861716,m,korea
70.50873765078761,179.41525517886532,m,korea
65.68015516799261,164.25367199402856,m,korea
72.61612307685886,174.4729909628542,m,korea
68.9825747382638,177.55632102416286,m,korea
64.5231262803556,172.47352552195352,m,korea
69.28554785412092,173.44386933616576,m,korea
68.82166384791152,173.8891274216029,m,korea
77.20778888900105,176.69651787185597,m,korea
72.52648955421736,178.27927536874031,m,korea
74.57459386239553,176.96325890577447,m,korea
68.88197775427177,172.0746683372601,m,korea
65.57761929349641,174.85874821232034,m,korea
76.84786125982897,179.08559358387933,m,korea
70.43037367403805,176.37565029618222,m,korea
76.32423902520529,177.83955733071892,m,korea
68.2846570580634,171.82227240059072,m,korea
65.0022310191891,180.5733996913204,m,korea
68.96052980590072,163.22724108283512,m,korea
74.43625027621162,175.19081566066183,m,korea
68.76380703080595,176.2950682786436,m,korea
69.14890896955177,178.55414515100682,m,korea
72.42463949393245,176.99330041047622,m,korea
64.80756352991207,169.51949764333995,m,korea
70.12018962639941,172.96142357053884,m,korea
64.01397569899707,171.97950501785365,m,korea
66.3656274397706,165.8890560658767,m,korea
69.32922524884911,177.30883143638212,m,korea
77.47466240360237,179.12686170834405,m,korea
71.87661170822793,178.85125188115538,m,korea
72.43084461900617,173.1213116783888,m,korea
63.98960545192516,172.14932638100922,m,korea
63.45451886413879,173.12465287741873,m,korea
74.42587827146222,178.5330818260933,m,korea
67.40425909766452,169.10441090462388,m,korea
68.21108667229173,171.99779319616076,m,korea
65.42985097849534,171.97675127289585,m,korea
67.07765897153728,171.7101852811219,m,korea
73.9092407535433,180.95626690735887,m,korea
74.03384321153958,174.45417713889498,m,korea
63.776778696229634,170.06489965315342,m,korea
74.87055819644802,181.7777062319105,m,korea
71.8546392311467,180.17489738146185,m,korea
68.51764907154006,168.02852213976053,m,korea
71.4051045875263,176.50691250341686,m,korea
69.2194675067445,176.4145262302761,m,korea
65.47920031901675,171.32732457130345,m,korea
65.24721505399525,171.42295370272407,m,korea
73.02690391341947,176.8338452474254,m,korea
68.65260368582311,174.56215073659467,m,korea
67.36070585812752,171.96178271667833,m,korea
67.15370062488319,175.15307969278587,m,korea
69.11373936127579,171.4732382716574,m,korea
69.47034610436809,177.5404187965322,m,korea
67.80938143513555,171.3023060211856,m,korea
69.63288892257856,174.1033221981965,m,korea
75.85440657834769,178.89257621486507,m,korea
68.62902516587772,171.80908334635797,m,korea
67.67183730166268,180.66829928075288,m,korea
69.60725143100044,181.5685423839888,m,korea
71.7937775616784,183.55407869434765,m,korea
66.1367388898468,170.84605245768998,m,korea
78.46064253350728,174.17126193581234,m,korea
72.51149646230158,178.97293064824075,m,korea
75.4958419749843,184.874533727602,m,korea
67.32123089163683,176.32713471679017,m,korea
73.6528754693338,171.04051537215898,m,korea
74.81703333497757,178.51962521394933,m,korea
66.64183300466857,174.60088159930706,m,korea
76.02387262009672,184.35434090788567,m,korea
72.47244283256214,176.95668521647465,m,korea
62.69270013406831,171.73275908442162,m,korea
71.1544063998696,170.57607289337886,m,korea
69.7683023234409,184.4902173285573,m,korea
62.35071097683249,166.92076760890458,m,korea
68.69092795536424,166.8770975306153,m,korea
68.95019014187497,174.76314666087265,m,korea
68.0987143218174,174.07768184003487,m,korea
71.70453162883706,186.29450236306988,m,korea
71.28899722576082,174.3089120044018,m,korea
71.9500446415273,177.33373614157534,m,korea
70.70817473097945,172.85323040233772,m,korea
65.28734199738224,169.42000645136372,m,korea
66.68390748529859,171.64485652102988,m,korea
74.88836392177672,178.7429684235416,m,korea
75.65069230746191,173.29672126817633,m,korea
62.96212333481426,174.67259258537666,m,korea
71.64592584432896,176.78832626918728,m,korea
72.93697642915892,180.49981103886856,m,korea
70.18617886760765,176.44866376067375,m,korea
67.67883920887344,175.35139296915884,m,korea
73.05072007520616,177.68412679623185,m,korea
68.46838525883136,171.7990674975256,m,korea
72.90908219236856,182.3801966727643,m,korea
66.57816340868457,165.0518778904854,m,korea
74.29302529170003,171.93327589180265,m,korea
72.48180882549579,172.7866316471298,m,korea
63.250040058099245,174.3235683893832,m,korea
71.18493280982315,181.81676170857253,m,korea
64.51041544793462,176.86890351692176,m,korea
74.49514707007786,185.06993378632416,m,korea
76.14725751606504,178.8253575600878,m,korea
67.71225991804596,172.39876418514731,m,korea
63.43703477343461,172.4606916339591,m,korea
68.75012295585873,172.29822433422598,m,korea
67.77914003049574,180.699659243612,m,korea
70.19431124288306,173.9533888141014,m,korea
69.2324355289958,180.51439769582808,m,korea
74.81469968412374,174.5870403661901,m,korea
66.4008294106828,165.80914630532538,m,korea
67.59407370629233,171.981629627257,m,korea
64.80398513885649,173.48100617730773,m,korea
59.47601933443824,171.40423683338366,m,korea
62.00948091649082,165.71688251463542,m,korea
67.0298341944273,174.28741130460065,m,korea
68.48794385775587,178.5119830027089,m,korea
67.57839832255402,172.78171165989187,m,korea
68.42351158492717,165.85181722675298,m,korea
73.00149999543764,176.74630533091374,m,korea
72.4006304816275,173.1758640200859,m,korea
67.89509663511383,175.70960202653492,m,korea
66.73553375146574,177.0992427852448,m,korea
68.73233554127935,176.77587072698824,m,korea
70.27595344946462,171.55901871441048,m,korea
61.23121017225937,167.20582615703722,m,korea
63.651643886735634,171.93215179364057,m,korea
69.55951801908041,174.11657462910551,m,korea
70.93247260056869,170.0465791969263,m,korea
76.48023129156773,179.35519409812858,m,korea
65.08754299247845,171.88231585011215,m,korea
71.2163673724196,177.63110748249304,m,korea
69.03920161342818,177.41315217957248,m,korea
73.37120196554125,176.14448704284132,m,korea
73.30276316694922,176.9312683389381,m,korea
72.62280133504562,175.01830362140623,m,korea
75.26777826132313,179.82673293876297,m,korea
66.30996847204109,170.0396842452449,m,korea
69.2010751656367,178.1293422238939,m,korea
67.20591785536276,174.33517423899568,m,korea
73.8318765297017,176.3006872982809,m,korea
73.69037974119188,177.37133405859365,m,korea
73.37695702118032,181.2720261091319,m,korea
71.04815471665233,178.8998018228047,m,korea
66.64124185644918,167.14759130405153,m,korea
73.66501378246804,173.4119224576287,m,korea
73.0266730122453,173.5903842389974,m,korea
64.6935598753355,172.41421550511905,m,korea
70.36853575674101,175.75550872382428,m,korea
73.93386808721984,178.6253616698646,m,korea
71.52860386861352,171.66838130653306,m,korea
68.77537459626352,172.98408923130305,m,korea
71.52944807487378,175.72390609256342,m,korea
68.13915830974337,176.91588231752309,m,korea
75.66679696953227,178.24131022379854,m,korea
75.36568208693983,175.0054679143152,m,korea
72.19444446745857,173.35456037766082,m,korea
76.30037662521065,180.7876749651348,m,korea
68.96087089972912,171.29107785533603,m,korea
68.7521583989273,170.28137034918478,m,korea
65.7083732602599,173.73953604200852,m,korea
71.35623059740271,179.36115998199128,m,korea
63.59485747601666,168.64835030746846,m,korea
73.72378233751458,170.7291521010881,m,korea
68.48192390677293,175.07655416484135,m,korea
64.20746640246085,171.8086368835718,m,korea
65.15128278247703,172.8511508454395,m,korea
68.31287066790067,176.49453705182214,m,korea
69.10876641450844,169.20194861607789,m,korea
62.756158458802986,174.92561975525564,m,korea
72.00917855928667,179.46730896314398,m,korea
67.8446774663686,175.56956046479857,m,korea
72.19546913225706,180.9045419780834,m,korea
65.2499778503473,167.69601477388895,m,korea
67.16862429127701,180.32623705505267,m,korea
66.69307779443076,175.33012844281544,m,korea
71.26029018553957,175.64603526385918,m,korea
75.96430676092729,167.17913005899962,m,korea
64.67622827357731,175.75806351252598,m,korea
69.64745069839317,177.78399938409314,m,korea
72.16022697528105,177.87106727377,m,korea
67.58033108231126,170.89011166978952,m,korea
62.61412019929667,172.02272360306475,m,korea
73.44713799301884,178.10148834667322,m,korea
67.78235000841286,170.5656303201193,m,korea
72.02851864416695,171.93089000024958,m,korea
72.81976346319605,179.33520053688014,m,korea
70.78084362218608,171.4913603310715,m,korea
73.86398417739895,175.96442610127187,m,korea
70.30001384372504,174.37472299724277,m,korea
72.50553678860379,179.19403650939256,m,korea
67.44923001358384,162.77837098317937,m,korea
68.48894862200024,173.31459873455017,m,korea
69.52587361549892,172.59878517929536,m,korea
68.24495284062915,169.0237221544709,m,korea
71.62429054531087,176.00742984310335,m,korea
69.99091142031585,176.20612515109394,m,korea
72.61282714529443,174.29772121077966,m,korea
73.54940199166607,178.22590781618004,m,korea
69.66827485416971,175.3215884202216,m,korea
65.14432346670844,171.96080870957684,m,korea
71.38498240639687,178.7205874008654,m,korea
64.08330628983428,173.01069169822622,m,korea
66.29278194401648,173.9488134957478,m,korea
74.1512902666222,177.8879844285929,m,korea
63.40438876924157,170.3177475634194,m,korea
67.17804440721977,173.43441614002063,m,korea
68.923752673494,176.43653056832093,m,korea
73.34778635755578,173.02886057244854,m,korea
72.9536798542184,179.7406918048614,m,korea
69.73623930362561,178.99813647712477,m,korea
72.04560661420197,177.38207647061645,m,korea
69.4319363451049,177.95715121556432,m,korea
73.30999132778943,178.9841008305015,m,korea
74.35462698362674,180.34981981152043,m,korea
72.0767325304385,178.0978658076494,m,korea
69.1135847741672,173.53308255826713,m,korea
79.26211626676461,177.69275992099256,m,korea
75.70225613526777,182.29673281894296,m,korea
71.38763797701675,175.06128586598464,m,korea
64.31981835309891,171.4444991791787,m,korea
77.9332394120189,181.10009524073607,m,korea
62.585707244613175,163.20348171308467,m,korea
65.87310919326244,159.2620408684055,m,korea
71.00302104178756,177.89885879401135,m,korea
73.74181597715247,176.40586959197736,m,korea
60.03691063417003,172.19039072541338,m,korea
69.82744485076378,173.88873812976624,m,korea
73.1005144198869,175.30421555374343,m,korea
58.65061285648669,167.16271665556894,m,korea
70.60344200949284,177.21408193571494,m,korea
75.33241936487046,178.77403072936812,m,korea
71.79793843760724,177.69079294431802,m,korea
69.72509392023798,175.18192904502865,m,korea
72.03615514608704,169.6794501933618,m,korea
69.25851288378486,177.1082595308772,m,korea
69.79163752749177,178.82932822192822,m,korea
72.14443980198865,177.26451629351772,m,korea
63.22598389360702,173.44630992069412,m,korea
65.2896765830058,172.89432678717938,m,korea
74.21667256592605,181.61023370190105,m,korea
69.78238942804965,172.48265794998284,m,korea
67.95107240175084,170.58085211568198,m,korea
60.81840473875091,171.6648792032991,m,korea
63.41015254094944,169.17214129971043,m,korea
75.73895258077813,178.47344057341712,m,korea
70.91549800186263,172.34789583833407,m,korea
69.48170065296617,175.5287791053926,m,korea
64.30010020445464,171.12073569565788,m,korea
68.02478598176256,172.1427971962908,m,korea
67.0668798214318,169.60914380417728,m,korea
75.33554119311134,176.5988996361531,m,korea
71.29995409310813,180.71360366156944,m,korea
72.69516872742452,180.89211424952524,m,korea
70.13738566154493,178.99664886531332,m,korea
70.17494584959255,175.6000907435753,m,korea
68.49358282893319,172.26756136985122,m,korea
66.78363502686518,174.42131995649325,m,korea
66.50148345235733,173.78850218377744,m,korea
71.57966912891524,177.13800780961904,m,korea
69.66602040643019,176.3430237605621,m,korea
70.50433700341951,173.3663253338633,m,korea
71.70765640272697,172.10656321029185,m,korea
68.55616297129714,171.28901038751712,m,korea
63.12041278062623,170.62167776499408,m,korea
69.9345003303273,174.68047324166952,m,korea
71.2052164260497,178.0234707140076,m,korea
64.52276655862792,162.27056143276835,m,korea
66.47219137866797,172.5571951238568,m,korea
73.63010550867148,170.34311603355889,m,korea
71.00004762483445,177.43968339666256,m,korea
75.49590546786351,173.74266132120172,m,korea
71.6512400859727,173.34745203091083,m,korea
61.17392365894395,161.9562852657483,m,korea
69.66760461877776,173.65658824082485,m,korea
73.7440971718738,177.0227928226805,m,korea
70.38627630580993,175.39517323017174,m,korea
80.55423294646381,183.52502953274035,m,korea
70.81075889460935,178.35376028447624,m,korea
65.83659358167449,171.61109974400276,m,korea
70.96884971574421,176.87465404772132,m,korea
71.65455628809842,175.15115078308173,m,korea
71.98140874841307,185.13019005312933,m,korea
62.178714266634245,174.00600573014904,m,korea
72.1907133801189,174.28724673757242,m,korea
76.76231237837686,172.77038802501178,m,korea
67.5860500792213,168.9321259401258,m,korea
73.34794454811868,183.3087139989393,m,korea
76.07211301257506,177.65649051972844,m,korea
65.51055210590458,167.28789670628137,m,korea
65.17070764159732,171.14423596222483,m,korea
83.07502325869251,182.9493069157689,m,korea
67.39025870488072,174.42417806149734,m,korea
75.93424788264535,175.82277787573753,m,korea
70.0386381702965,175.05973712524775,m,korea
72.3779163537269,182.56562085313897,m,korea
70.07936522362351,174.29195164550504,m,korea
67.65666999605493,178.2229878460153,m,korea
69.17016458074494,176.6963998765565,m,korea
80.49660713927312,186.40791768398688,m,korea
66.59760642299696,175.6203505451008,m,korea
70.9412227008698,173.33563074055948,m,korea
67.55713671263221,175.3902786118669,m,korea
71.6950127088759,180.20760666655065,m,korea
62.59885249993473,170.07385148476166,m,korea
67.34512337368628,177.75383402529832,m,korea
67.53780415105781,174.0322722712486,m,korea
74.40845532831001,178.3437045258212,m,korea
74.16541977779245,179.09399038589916,m,korea
63.09297745682135,172.18080725962784,m,korea
62.66993066404918,164.25030196860095,m,korea
74.03856926109012,178.54908477097706,m,korea
68.44681976018126,177.30938788360334,m,korea
70.27538569431924,173.916427718174,m,korea
70.96142613712794,170.27820386223698,m,korea
78.65935759157362,180.5015740079777,m,korea
68.21702237309029,174.06172112380656,m,korea
69.40950406467317,175.98048490481222,m,korea
64.9599190913648,170.08905426992808,m,korea
68.6254261093071,173.6152157988752,m,korea
75.32109687366327,172.84164729417503,m,korea
70.97292137083954,173.5225968354578,m,korea
60.3351478969718,170.88436267415827,m,korea
67.50196231014411,165.7547432115623,m,korea
72.90727508618478,179.4093722968535,m,korea
71.34068237874982,171.1865435532931,m,korea
70.95860015929449,176.05112597251474,m,korea
69.46160831861593,173.9976068202022,m,korea
76.04986999910511,176.7819311021146,m,korea
69.41580083754559,174.67863962281362,m,korea
72.27719037432622,175.20912617062598,m,korea
76.69249773587885,180.6150698118768,m,korea
65.81184990440396,174.68396146278906,m,korea
70.67607551521334,175.48830405967544,m,korea
69.26823485666053,181.40311386724807,m,korea
69.03156565197715,174.3589821452271,m,korea
71.69587308206212,179.7159539808741,m,korea
64.6813786700428,175.29873365346853,m,korea
67.68125898011677,181.30408955564488,m,korea
64.49699265818711,174.29524329795876,m,korea
59.81146115991366,170.85413988739228,m,korea
73.02589324144947,179.7859919289164,m,korea
73.29361669157596,175.01443502774436,m,korea
66.92162887411817,174.0436259696822,m,korea
70.45215674999106,171.47799109104054,m,korea
71.29799242968944,177.51957692554748,m,korea
65.6636137313935,172.87678170407293,m,korea
66.74771055992552,172.67707186623056,m,korea
68.34239268321043,174.86357082678498,m,korea
78.2365888428666,185.95113543234768,m,korea
73.28689411035826,184.6452387700783,m,korea
68.19742724233237,179.77152112017677,m,korea
64.66771074917759,172.77674231637965,m,korea
66.5455955669194,173.46615449597408,m,korea
70.33620787158499,170.13636428320473,m,korea
63.00709112876326,166.72865361590829,m,korea
65.74240160466005,179.27118969684412,m,korea
63.46754741682472,164.01371606397782,m,korea
80.02135493456436,182.9308051768964,m,korea
69.43108143028483,170.79773130665276,m,korea
64.17415580610944,172.20732853327016,m,korea
74.20467482151328,167.27658351339286,m,korea
70.27476817625423,173.06468656937002,m,korea
73.53849442069925,177.52028431408962,m,korea
73.50714130702656,181.8966944828237,m,korea
64.71333795796014,166.35696614207603,m,korea
62.52620259845435,173.39929333854616,m,korea
68.82435815511286,172.67286071198205,m,korea
74.14179485412414,169.2004408280254,m,korea
65.24782273824324,170.06897647858406,m,korea
69.80045887368871,179.34110649804006,m,korea
66.52163604901293,169.4160985290875,m,korea
69.62540735825795,173.91479129823057,m,korea
68.89698098237002,172.83314672026174,m,korea
66.2053203407182,172.7531802180997,m,korea
74.38267982873205,175.01876059074388,m,korea
70.68553562097654,171.79902362392812,m,korea
71.75166435847355,183.109600836692,m,korea
72.72739731149001,174.26400077342828,m,korea
73.35422831171007,173.9211018986031,m,korea
71.17375459926745,175.48749791165753,m,korea
69.55619827488331,176.38150910887353,m,korea
71.34366768099969,172.3872925363999,m,korea
70.98961966873887,177.43744586636154,m,korea
72.86196072577762,175.94306062809153,m,korea
69.51860358422319,179.25324638261185,m,korea
68.45235230143298,176.41803299915958,m,korea
69.99902691012386,175.69071756952383,m,korea
70.17663380770921,171.74384806039996,m,korea
73.38296477363602,172.58498881107977,m,korea
68.66464897128098,172.34459765077605,m,korea
72.08592335851593,183.2112478482999,m,korea
66.59920515769424,175.89477772151835,m,korea
66.90906817833296,175.38348061817095,m,korea
75.79368127720424,180.3046030665297,m,korea
72.56359513283029,175.37143582470378,m,korea
72.1482123030759,176.5326035872447,m,korea
66.29975644409792,179.95104077318854,m,korea
62.29734549928309,168.28390712660905,m,korea
65.04524634142969,170.49308567969862,m,korea
67.75504693132179,178.7772507783059,m,korea
71.31244658714884,178.72270063505033,m,korea
69.2510370726305,167.7584709325723,m,korea
67.35442944153404,176.96012601724595,m,korea
66.94843676947924,168.081064812244,m,korea
65.58768671568313,178.19637417854483,m,korea
68.83917669524926,168.63619475112364,m,korea
65.65513775190819,171.3994396936069,m,korea
66.2157024109921,175.71842285423426,m,korea
71.60190230750278,176.29292205406966,m,korea
69.0027603240583,172.56310544885437,m,korea
70.9301771272456,177.71725731777934,m,korea
67.59162552552363,177.08795645558476,m,korea
65.86897389250328,169.5160883369509,m,korea
71.72272732090316,176.36554562522647,m,korea
62.68484498387802,171.12858050134028,m,korea
62.68725466651362,167.68428887754678,m,korea
63.343122844005485,166.79418059736432,m,korea
71.895833605018,182.15618749387207,m,korea
69.34708067495774,179.98182018852737,m,korea
67.99553373377692,178.62939612404946,m,korea
67.0253485386096,174.06107710701582,m,korea
66.01052299201358,169.81987366099318,m,korea
68.39863544427695,174.1191015389156,m,korea
69.90060426006413,173.24777865595152,m,korea
64.65258473725261,171.0009626708333,m,korea
69.78824395348565,172.9925665450701,m,korea
68.75887343219517,178.7376374415648,m,korea
79.82161057694499,182.3620671092757,m,korea
60.83897772670724,168.82884371597805,m,korea
69.93610967053333,171.30002657056397,m,korea
62.835999131562936,173.65705043037676,m,korea
74.78808205806135,171.4456794117758,m,korea
72.17135872959366,173.1753420874242,m,korea
70.56800966352208,173.52628378441102,m,korea
76.54590915620093,176.86504653803783,m,korea
65.97838396199444,174.12772374211283,m,korea
65.7276762239884,173.14417736513468,m,korea
65.99715359639661,167.01383155672394,m,korea
72.43124025309999,181.163801543426,m,korea
67.55361062995668,170.95490584273116,m,korea
65.91388639204615,167.237031180946,m,korea
69.96534867084766,176.8228120158987,m,korea
75.1530247238286,175.02825775997482,m,korea
70.60908364731786,176.2760000127877,m,korea
65.53654636686147,174.72395057442827,m,korea
71.929399726903,177.03332131129426,m,korea
64.43134780374943,166.51425980692096,m,korea
75.11106822020587,183.025545968195,m,korea
69.35204425524458,172.50091045837758,m,korea
70.49104272227589,178.61075883184594,m,korea
68.8782696414175,173.79179064739768,m,korea
67.3903005720471,176.396406030621,m,korea
71.69224972123399,178.8226544702131,m,korea
78.71089012962857,179.79768549134252,m,korea
71.45707739221069,176.37902285656943,m,korea
67.24566707808512,168.06576419985944,m,korea
69.54346895902096,172.121802061234,m,korea
71.72751655266353,173.63370695855733,m,korea
68.83247516672299,174.12569702419503,m,korea
65.6884638512069,175.64880580590253,m,korea
70.85867635078029,174.7200299304759,m,korea
66.80755935166907,176.09254329822005,m,korea
66.05629810620674,166.80100676427165,m,korea
72.02472717705962,178.00567185823454,m,korea
64.33358008350157,167.45573690518023,m,korea
71.33130610525289,175.38087852246392,m,korea
69.76551432664412,175.7160167788573,m,korea
71.62889974462882,175.66385369633227,m,korea
67.46287621070186,174.48560158802542,m,korea
69.6361404300099,178.6879632118998,m,korea
59.09005309201933,164.0067657457259,m,korea
67.52923605503825,175.52521850477652,m,korea
65.37714044929604,169.42550591210386,m,korea
61.813114444896456,175.44241199167035,m,korea
69.54505620586298,179.1813138465169,m,korea
73.36902985723543,179.12175866299998,m,korea
77.94925843067502,184.62703368593424,m,korea
70.16271525277227,176.11221927486542,m,korea
69.45559574378679,171.39736005282225,m,korea
75.11460585718244,178.17212774800785,m,korea
75.96528173202674,175.24795523178452,m,korea
71.3794444864813,172.12142240073177,m,korea
71.84363324167192,171.27066596721033,m,korea
65.68259791372712,174.45861102917647,m,korea
74.33516043319199,181.58837510561548,m,korea
70.89006580764267,176.4456385416206,m,korea
72.30703934899685,173.69270129815484,m,korea
70.56516403180743,171.95712371331365,m,korea
62.91348524303188,166.0128390093915,m,korea
64.71643160613527,171.15137442100794,m,korea
69.4968285009995,171.70373854723678,m,korea
69.83514623658279,178.84057189124908,m,korea
73.60716674654812,173.06760672848333,m,korea
64.01354050619062,166.03227477345936,m,korea
73.22744940261595,178.16179535602822,m,korea
76.40004203877771,177.742023643392,m,korea
67.02079815727905,171.583367606133,m,korea
66.66779957959643,172.29441191777485,m,korea
70.28733244430522,173.76986503436294,m,korea
64.70972015781449,175.262921364977,m,korea
70.7973255701862,180.388562473102,m,korea
69.42444184723152,169.61898215630913,m,korea
70.4433648946052,176.2302952666227,m,korea
72.48875850175102,179.69295743116044,m,korea
79.73757246655364,180.998438727926,m,korea
76.10453023449676,176.95690888204254,m,korea
69.2500064414066,178.82803077132223,m,korea
68.42346177728959,173.39158091847176,m,korea
71.25878625275537,175.67594041694673,m,korea
67.26884398117542,173.91543139324065,m,korea
72.55238630345882,174.6982902831418,m,korea
71.94640561390185,176.1295844725231,m,korea
68.8343186878677,173.67634250301805,m,korea
75.47144702190735,185.3611367775884,m,korea
68.76620444674475,178.37713284367058,m,korea
66.95584679379255,172.07560363570613,m,korea
67.68999825287847,175.17340179922078,m,korea
73.34089031231268,179.72447984818783,m,korea
68.33882798801224,172.217460783796,m,korea
67.88249081986352,177.75140086941775,m,korea
74.36604401587282,181.5585747572195,m,korea
72.8287071931896,173.61417752832938,m,korea
65.1831649243561,168.86827572801292,m,korea
65.17397237710694,169.49200313474418,m,korea
69.30658714362582,169.63056552681098,m,korea
74.21029372922419,176.33532683403058,m,korea
70.79996452410394,179.37349585043955,m,korea
71.50136938738606,173.08914778643427,m,korea
73.930050018078,179.22020094572656,m,korea
66.75160034429241,172.33281442599682,m,korea
68.5443718203883,175.805351868329,m,korea
70.3376731736966,172.10456482473953,m,korea
68.85980464995362,172.9209980202366,m,korea
77.94845386330165,182.8761862689901,m,korea
77.24513209788934,177.70066445888943,m,korea
73.65740797337011,176.23783070304057,m,korea
64.75380873747925,174.99097884932695,m,korea
72.28426669716791,167.1617189093895,m,korea
65.59169046809862,166.76274219325884,m,korea
74.01205995935564,177.25788293319127,m,korea
71.88040187825248,174.8297818945932,m,korea
70.21025629630174,177.2487540596169,m,korea
71.60795827348261,174.9899326317359,m,korea
63.44293154527906,175.4080678805484,m,korea
67.62791253031429,180.53709181008736,m,korea
69.34216502958816,173.21525966329466,m,korea
72.48921276869801,172.71170726233834,m,korea
72.161308633468,176.41190671828826,m,korea
72.57192246167844,167.7031753988797,m,korea
62.9221129245439,170.89148335457642,m,korea
69.29690695090369,171.59820499128358,m,korea
69.78519996750374,179.95973593002023,m,korea
71.41533591991501,168.8939189083816,m,korea
68.24400202338646,171.01219635596794,m,korea
68.46808486865146,165.8777182144645,m,korea
65.27389899892324,170.3777109963017,m,korea
72.56666085138474,174.15457235077136,m,korea
72.81162959019302,176.53276243437298,m,korea
77.21263743272732,180.5561724203513,m,korea
68.83081053663925,179.10245829963915,m,korea
72.41826735822431,174.0275123861912,m,korea
70.72543827999311,169.85674941382604,m,korea
74.42481611128837,178.0143064691638,m,korea
65.32904220918488,164.35650491493172,m,korea
66.99887724436478,175.7184889946013,m,korea
71.87887209537668,175.34444355083932,m,korea
62.73006468160162,172.71047820949403,m,korea
66.81431526792126,178.80666431857085,m,korea
75.3677492007827,184.0511594788261,m,korea
72.22683278626468,180.4869130793361,m,korea
70.41643834710226,178.7651148867584,m,korea
79.37389710703025,184.73112739815528,m,korea
77.31223198989875,179.1053460532068,m,korea
67.82307657237045,174.12775060874517,m,korea
71.46081381992929,178.62694469092924,m,korea
77.27057650102248,174.69897236539143,m,korea
74.15188368094871,181.7109440538439,m,korea
67.98572065571817,170.33793218993253,m,korea
72.48626951308451,179.4125251832609,m,korea
73.02035452451075,174.69276623284804,m,korea
76.2506986742504,180.00766332192873,m,korea
69.66951566099533,174.83167857190418,m,korea
76.2151122273546,182.21542116685785,m,korea
69.43566747441548,180.7447130658353,m,korea
68.59239622976659,177.82979306729587,m,korea
64.71571569174569,178.86694400776813,m,korea
70.59262153235919,179.31740113546888,m,korea
71.84596763060748,179.68850031493506,m,korea
73.39918724412478,178.97186407267128,m,korea
74.3190150434893,181.0152012928293,m,korea
73.64452046846566,177.6048453734626,m,korea
63.772767999332416,175.15129670977896,m,korea
65.67855500440696,170.93666026481247,m,korea
61.35210661258687,166.03621188816547,m,korea
77.7043257622049,182.1778357013894,m,korea
66.72038621784934,173.052790274172,m,korea
70.65466096264382,173.21756379619328,m,korea
70.97597856978125,172.44496715273266,m,korea
69.04405591661734,169.92268556780346,m,korea
70.7051219703807,172.80345595528294,m,korea
71.99789779633235,181.19517644155152,m,korea
67.51380922636059,168.59631847321808,m,korea
69.84458242487064,173.3959700043001,m,korea
64.37975620518527,171.82988597601786,m,korea
72.51450932422358,176.56318566319453,m,korea
75.07034196041988,181.0652864859524,m,korea
69.87211183478121,175.60277099390854,m,korea
67.34302523965573,175.35406645399954,m,korea
76.36133438035792,181.3487868474266,m,korea
67.10159617044287,170.80227910150143,m,korea
62.42441757760954,171.75033070357222,m,korea
75.07748790493775,181.6355908317912,m,korea
70.78090459408591,173.24087305490593,m,korea
67.94159617586718,172.84288654308023,m,korea
62.16875747136797,167.63642882381484,m,korea
64.95846898187501,180.48694224210777,m,korea
73.6658455259214,169.56943705537608,m,korea
69.27100707550967,174.40065496252697,m,korea
74.86303261192226,172.55677137380147,m,korea
74.83145544756836,179.4965072653698,m,korea
70.09828302184007,177.14305176993753,m,korea
68.10509836096045,174.37639960300112,m,korea
70.1321816192784,173.17370922756217,m,korea
70.95083227636708,172.78404910140966,m,korea
71.25563758041574,173.8063346590509,m,korea
65.65157975095576,175.60527705333303,m,korea
66.84178939680716,170.35922604924707,m,korea
68.96594420520293,176.83551869169617,m,korea
69.68527332656413,180.1978232731055,m,korea
67.39537215809587,173.41916031401098,m,korea
72.02048833405276,177.60045097576685,m,korea
66.64129039985954,177.28883277305067,m,korea
70.48585054873178,176.94938796370116,m,korea
64.81422654865156,166.52163786705592,m,korea
68.54142455077073,173.22660522922007,m,korea
70.70515197838195,174.00886367453202,m,korea
62.90382895039002,170.07260190669854,m,korea
68.13892841012672,172.35903085589388,m,korea
62.88453124200102,175.14488739729128,m,korea
71.62145479838098,174.37280575033944,m,korea
71.69195300924183,174.24664452384894,m,korea
73.47467205287447,170.13810793487738,m,korea
75.85803444962946,174.16239939652155,m,korea
65.94209272989256,169.75575556780254,m,korea
74.64748782191579,181.4227422562689,m,korea
70.35058551959557,169.24892656194723,m,korea
63.479606525944845,169.18581486777452,m,korea
67.82362812133293,174.8156682749283,m,korea
69.9736458747732,177.97718853524088,m,korea
74.16875490921319,176.84473617185702,m,korea
60.60092983547989,169.37903655589017,m,korea
68.91959340853595,177.1010848007116,m,korea
78.2623010950519,184.44252504956765,m,korea
63.5822797960432,169.6105598043365,m,korea
71.47067808153069,174.94371209843678,m,korea
75.16429471786289,178.93986954841264,m,korea
72.1883331486178,177.70706170631126,m,korea
57.47436003445173,170.01212249357462,m,korea
72.81983065595414,172.22366843148723,m,korea
74.66246560938616,174.6436429418195,m,korea
62.52918632184727,172.5692744583938,m,korea
72.61438132471781,176.97020173242137,m,korea
67.99647501668599,171.51207468877718,m,korea
69.2133839083678,165.10766337293092,m,korea
69.31725756929201,174.95327624240136,m,korea
69.54046663019176,172.88519168816356,m,korea
64.98835691147023,173.11406836799384,m,korea
71.54730225315916,172.83807824288317,m,korea
70.05609871292943,172.3756465265413,m,korea
71.68366965484246,176.29616484250104,m,korea
74.85404519237584,177.30071299484925,m,korea
66.64736760944528,169.79369384818293,m,korea
66.32833458413138,171.95161212251915,m,korea
67.89093119997308,181.41297284150167,m,korea
71.08449987318488,179.4935252264195,m,korea
70.0233923427236,172.4585134673751,m,korea
70.01647927045853,179.8807727010789,m,korea
71.78450134361213,169.9194947232957,m,korea
64.64350718241514,173.3323295868963,m,korea
70.84296962463303,173.3543980159704,m,korea
65.27970638994759,169.21718627558502,m,korea
76.36162386162604,176.4593115318347,m,korea
68.71866657997404,174.67695199649123,m,korea
72.05472401037667,176.00388689133152,m,korea
67.73318975981104,169.67304689211628,m,korea
70.13611109757592,175.72274676320342,m,korea
67.55142056972095,176.85553579257433,m,korea
69.70078009581536,171.0706135248483,m,korea
65.49070812994205,173.36257799959117,m,korea
69.00033428622473,172.83219130685893,m,korea
76.87202272721683,177.8801012730698,m,korea
71.58056123155754,177.23269175666508,m,korea
71.58073293355183,171.3854989312019,m,korea
69.99835265056147,174.72479028721656,m,korea
71.15402018965518,174.2322553009122,m,korea
74.96494773590798,185.10754389824083,m,korea
69.93909004102393,173.2129357540523,m,korea
77.20391352188683,179.1168174343034,m,korea
77.07887301693664,180.3576262703561,m,korea
80.17260212139466,181.791627649714,m,korea
71.19214483751635,179.84786166635269,m,korea
71.49991892725664,178.87003039048113,m,korea
65.11925309022689,171.15779728567057,m,korea
73.65111968630312,175.70732672057784,m,korea
74.34332542659148,180.9312344911401,m,korea
71.2531941051222,169.5222824391303,m,korea
75.82703058230534,178.3226697386074,m,korea
68.00493530663232,177.47604822230946,m,korea
70.91362744053171,178.94943782072878,m,korea
70.44737712220683,169.61717503358986,m,korea
70.2812243979828,171.08320112925944,m,korea
68.63434457651947,166.17378327650346,m,korea
66.35563839855219,169.78083770249506,m,korea
69.58586891395818,178.0765901521361,m,korea
70.51720537722534,178.011247989318,m,korea
67.71922613595943,179.2656003335363,m,korea
71.51128403709586,174.3309905898955,m,korea
70.66447418576983,175.9518047958468,m,korea
72.35236471278729,179.5294360996956,m,korea
73.73931077507237,176.52271440318202,m,korea
68.74474492261453,176.95128213368287,m,korea
73.35908505573636,175.14350620651956,m,korea
68.82922135928774,164.6477779743754,m,korea
66.42042032919767,173.01485841021767,m,korea
69.16583535156485,175.23169419881782,m,korea
73.16935858279096,180.4831126774917,m,korea
67.01802309569814,176.54386144401155,m,korea
64.22469115793069,170.42915978352917,m,korea
67.42878256513164,179.6467960976883,m,korea
64.02787678541905,172.83082418640984,m,korea
69.44581220877917,180.0776208016399,m,korea
73.0459735902492,175.40336163849145,m,korea
72.91802162916201,178.4890742661019,m,korea
69.60334359044782,174.18690222655516,m,korea
65.89644719025026,177.00128997971507,m,korea
70.35301285734067,167.36765038775422,m,korea
73.39094671430371,174.0361031851264,m,korea
74.32577154855744,178.46094159114145,m,korea
73.68956363998682,176.29407698239433,m,korea
64.34018563861179,180.8064965738569,m,korea
70.8327728841491,179.13672423182337,m,korea
67.88955590722189,173.64700085289,m,korea
67.94885572433708,178.51155153264747,m,korea
76.84247639214801,183.4914484505318,m,korea
76.33003835771176,178.97749674610245,m,korea
68.88865872834519,173.67795009588963,m,korea
65.5081051639708,164.52699267224313,m,korea
71.89757123177111,171.41345343060289,m,korea
68.12252237457498,177.46641619504672,m,korea
67.26547798854736,177.69353848869392,m,korea
74.77523538959068,173.9724107905776,m,korea
74.23560313684241,184.8870144605089,m,korea
75.66169086121823,175.81785401355953,m,korea
71.2615540547509,174.0245771423008,m,korea
76.48063933132049,177.98160018694728,m,korea
66.75342411274261,169.92696023765555,m,korea
68.58613699037686,177.209037408743,m,korea
63.7342860439501,164.68637928130877,m,korea
70.247463181892,171.73268547768475,m,korea
69.81366247308019,170.96672385906177,m,korea
72.50192713481204,178.41543734426807,m,korea
72.9841217076762,175.288192135045,m,korea
67.1374667859156,170.7631086745851,m,korea
61.21210170780883,168.45214442645332,m,korea
68.44314800572258,178.25269934927857,m,korea
70.34902272484591,186.7626252755173,m,korea
67.51284544158989,163.40084364948711,m,korea
70.7379077599336,168.3900935383733,m,korea
66.21130297466193,170.6499363309735,m,korea
70.12221980710952,170.53725771596984,m,korea
68.90518422207003,173.1535484334203,m,korea
70.48644387833667,170.7400933570587,m,korea
64.22687475430175,171.21875188252665,m,korea
71.78827844239602,177.48352699449967,m,korea
71.04059641716024,177.69777302241917,m,korea
68.60675756613122,174.6816297771048,m,korea
66.14133721709214,175.34973635313983,m,korea
66.40720683650332,167.38218331983506,m,korea
74.50239196392879,174.75086590628828,m,korea
74.1016088729147,174.5139838595918,m,korea
71.31739702178685,169.73063953765032,m,korea
69.00891519486261,172.79895274953614,m,korea
78.46289183887777,181.2831727538964,m,korea
74.68134799732725,176.45098736495527,m,korea
72.0289824045062,176.7469834716028,m,korea
77.7897144892323,181.7520231573129,m,korea
75.26969058869055,179.48411388802762,m,korea
77.60602742667317,180.42925167962773,m,korea
65.0590411342891,175.71064284686116,m,korea
70.48930302127341,175.99176574928225,m,korea
71.88611039960249,176.51486554521733,m,korea
70.78496037559759,177.54915655317248,m,korea
73.87500160836416,177.16555318671183,m,korea
68.70407560319268,168.16249546325642,m,korea
68.58553126731194,168.08669718974775,m,korea
64.33984805946675,169.4878728318308,m,korea
72.90726130966513,178.54383807383982,m,korea
65.79413826133579,175.99873972702085,m,korea
74.76473638039047,176.49598640632837,m,korea
69.62384656739634,167.97524712855093,m,korea
70.16837815301012,169.16510069239237,m,korea
73.1382413633236,174.75029004424027,m,korea
67.36469750481233,170.6893079283889,m,korea
67.09603470272368,170.4787274919962,m,korea
63.6991110676377,172.3777899337552,m,korea
68.2220523462372,167.37939198693297,m,korea
70.53748830017531,178.1586348558303,m,korea
67.83558971852094,175.22813051870182,m,korea
70.56765074156579,170.46861997685596,m,korea
69.19258414840091,178.14382106049,m,korea
69.86474193171527,180.4961047726228,m,korea
69.9155343059955,173.1616229155208,m,korea
67.44115318697268,169.7156929296019,m,korea
67.223205637104,173.4279013721832,m,korea
72.37191476925001,177.2727048166257,m,korea
69.1669813452133,169.01274931883984,m,korea
72.30588126844481,172.62422155946248,m,korea
68.66297802710598,175.31288518970206,m,korea
70.33928969385224,176.46349264337272,m,korea
71.60197026170948,174.92911006504005,m,korea
66.66342053076802,172.73941952160772,m,korea
72.13172490633953,179.33688927573888,m,korea
68.95955149094557,181.0897980220128,m,korea
73.45860605509581,175.59441450436208,m,korea
67.0402112699126,172.37505107500616,m,korea
72.8508772417439,177.2010898983745,m,korea
59.09363154591914,174.6978715391475,m,korea
67.02728944434654,176.0846886370596,m,korea
62.94637091204197,171.3070623971086,m,korea
68.43629861986979,177.79404382306043,m,korea
50.83274287347913,157.14448200083558,f,korea
49.76761821905954,160.78447759945286,f,korea
47.93038149570152,159.0446745426876,f,korea
49.20062598145069,157.9925909684654,f,korea
51.04500552696481,163.07892543294616,f,korea
51.49189292931486,162.4160343816158,f,korea
51.78062059871331,163.64899592934017,f,korea
45.53183700187825,152.54947675357275,f,korea
47.90059548228456,156.13536504937173,f,korea
52.220367231466334,157.3593132474424,f,korea
47.33175857443477,157.3959405102073,f,korea
45.19912008455211,158.3494945573777,f,korea
49.99768598724226,161.04303574269727,f,korea
48.042561010909225,157.4760049521943,f,korea
56.366465670740496,166.55394157483727,f,korea
49.24107116447503,162.18607746052706,f,korea
51.75991116716544,158.45659819064528,f,korea
54.84520729254675,166.9394201516139,f,korea
50.67461084247085,161.70305305909835,f,korea
48.74235368203399,162.87905386798425,f,korea
50.18812348503732,159.76247600092742,f,korea
56.09759377621326,169.16842405287284,f,korea
56.18283991102212,162.1121545995228,f,korea
49.14596975315702,157.35326754868802,f,korea
44.55965209700703,152.14558291117768,f,korea
50.9094530545266,159.57729472646471,f,korea
50.646212116692304,160.67096278193338,f,korea
49.86601129507039,160.41005788513965,f,korea
49.21053977607207,158.19824701943512,f,korea
50.93537500091302,158.87011430406085,f,korea
48.66804416913028,157.50291069048745,f,korea
52.41731088103794,162.63094145391955,f,korea
50.343098358335695,159.7775272904832,f,korea
55.61556534008116,164.09419315481625,f,korea
47.9056566425658,160.2140529576436,f,korea
49.55395731530132,162.11212062174226,f,korea
53.24191615372751,164.31078465257752,f,korea
57.238867506120926,171.0147871363857,f,korea
52.2210895446713,163.62660792212736,f,korea
48.02744036815652,161.0706152302766,f,korea
49.877901494138015,162.29780237187217,f,korea
52.29785552014432,161.00355115919007,f,korea
50.51964277605214,161.89085799414045,f,korea
48.8151599136664,155.91029177169693,f,korea
52.49842059597944,162.68890820125108,f,korea
53.68740267563191,162.0031198292765,f,korea
50.73082067363296,159.82238436038983,f,korea
50.62758915106237,159.10561877221215,f,korea
51.70295028919938,160.34863287497822,f,korea
44.02670258492017,151.2860930836392,f,korea
50.74342354742187,160.604252609006,f,korea
49.03797956262674,159.8392342446883,f,korea
50.08834144807197,157.36830114012488,f,korea
51.18363840052395,161.00377171419953,f,korea
51.31717519169947,161.3616849904549,f,korea
51.87211658193057,161.93283013975747,f,korea
49.882163015176985,161.54247037788207,f,korea
51.75034188849112,157.45459518021002,f,korea
51.43852960776187,162.311453299897,f,korea
47.10204977654269,156.3130584763991,f,korea
52.367124925894544,163.6946050175281,f,korea
47.8404886506512,155.8963905491067,f,korea
48.38832251522096,155.44901382746738,f,korea
49.44751643268116,157.72242863421917,f,korea
50.5954033629986,159.238504610016,f,korea
50.82895544231254,159.7318277963988,f,korea
47.3660679597316,156.30260611570438,f,korea
48.82141751771633,160.9861074304636,f,korea
47.49874884399428,161.6272221281626,f,korea
48.93015894614312,156.45461933438426,f,korea
49.26262849644071,156.42950164783974,f,korea
46.67816748857258,159.0484492241183,f,korea
48.87941531774069,159.00367268575903,f,korea
51.07201239350222,162.82208380874746,f,korea
52.06168688781234,166.77548017847218,f,korea
49.24926437459702,159.18493663069412,f,korea
49.19361510945996,157.14175731295202,f,korea
49.671110595903535,158.78072419488592,f,korea
53.28300296695466,157.2321257212344,f,korea
46.223628333975135,154.0905487742959,f,korea
51.65555859432226,160.79106927136505,f,korea
46.40791222867425,157.0263865291733,f,korea
51.20823316732608,161.29396125914872,f,korea
50.68946924792048,158.009518340505,f,korea
46.76767486361792,154.50755388517382,f,korea
46.902274379100206,158.31889486748344,f,korea
47.600484049682414,154.34432479531915,f,korea
52.62859739620147,163.8881690036972,f,korea
49.77760765048237,156.76512838075533,f,korea
49.96697833962416,159.1055040951898,f,korea
50.93278831063402,160.65047920641803,f,korea
49.45062197362821,158.3325991662699,f,korea
51.52972009579196,162.5695441096407,f,korea
50.73780478762876,164.468413655459,f,korea
51.044804738348816,161.71092879466275,f,korea
49.21583090116691,160.50887064359662,f,korea
52.77362662317408,161.1748022777769,f,korea
48.41678137146389,160.1556541900969,f,korea
44.38600507188125,156.41648502296653,f,korea
50.69357823580847,156.4726818655987,f,korea
53.71779233713535,164.1405801103842,f,korea
47.94244099163897,160.81464916612146,f,korea
55.582064374169136,167.35433693258662,f,korea
51.03840655139841,164.03520122879354,f,korea
48.81773902337014,158.28600087614453,f,korea
49.49263693465386,159.43208199823292,f,korea
52.59887539042041,160.4224827100676,f,korea
52.94150825743493,161.4079913885172,f,korea
52.30236369340368,165.6141114788747,f,korea
52.839350437038405,162.45521002742845,f,korea
44.92651575528453,151.62814925606065,f,korea
50.72677743846192,158.99769087389865,f,korea
50.97640310911843,162.00501626978175,f,korea
52.2560009531539,164.66924345681838,f,korea
50.73401303676369,160.40875575949875,f,korea
46.220978745550696,152.04674636592694,f,korea
49.25875648630675,159.72585501758502,f,korea
48.56634423031256,160.1508896411568,f,korea
51.02989167154752,162.3485496702333,f,korea
49.55292821253455,156.45392452145788,f,korea
51.00502381047103,162.41722410369633,f,korea
52.44240495696376,158.4884098274534,f,korea
52.26880593399716,164.234193122397,f,korea
49.79631846630269,164.5259893141314,f,korea
49.8198395890206,160.28803321592062,f,korea
50.03197109447901,162.5915533505095,f,korea
48.20241277550351,157.22172654196785,f,korea
49.27269502496614,157.14707401280967,f,korea
49.93647642421563,158.78455789807194,f,korea
48.1056490130794,156.70796915768204,f,korea
49.029618837236384,159.29271449534218,f,korea
49.69140064641469,161.21357908444116,f,korea
52.02960716751164,160.8450001732709,f,korea
49.790341121434345,161.37226572695153,f,korea
46.7449917427674,160.17011052867616,f,korea
51.40876999545664,163.87241271553663,f,korea
54.60622115374839,164.45166080768146,f,korea
53.42901028460401,161.9686523875456,f,korea
54.19681368541195,163.34310991534397,f,korea
51.22707132275619,163.12390271023426,f,korea
53.93958180422685,168.59778102918435,f,korea
50.465528764235415,157.4551254636711,f,korea
50.63992567328647,163.08012833956604,f,korea
46.576747071675584,155.71259867240914,f,korea
49.81746833935622,155.3462958486098,f,korea
54.46878886344908,166.15597075470262,f,korea
45.41568035366885,158.68171738810713,f,korea
46.08970708681408,158.13094843533497,f,korea
47.251281546643206,158.20019443087313,f,korea
50.80459296823714,159.5818434948024,f,korea
46.33515145120841,155.07540397658397,f,korea
47.12601874661207,153.04344351352594,f,korea
51.55080429615899,158.1761799000733,f,korea
49.247502332532,159.6402615711823,f,korea
50.689989303476416,159.96447990553534,f,korea
54.10464845273082,163.320885583824,f,korea
47.845326918645576,155.68878924945616,f,korea
49.17231699207622,156.59300183249948,f,korea
50.62362892123238,159.7932350201969,f,korea
51.582274774541794,160.15331600084727,f,korea
48.555801481983,157.48262995154863,f,korea
50.70126101057155,161.35162878827012,f,korea
53.55666866002242,164.53390809343352,f,korea
50.60556962581799,161.6020108385051,f,korea
48.65400852582956,158.67032517449957,f,korea
53.420676691630966,158.7623148333315,f,korea
50.02782814564938,159.30877661723792,f,korea
51.89191624271962,163.88479721387512,f,korea
50.97680015415537,159.6755886930995,f,korea
50.07326354140365,160.11492132820638,f,korea
47.83132944976934,156.02466059104816,f,korea
53.99472270751316,160.1387165931811,f,korea
51.92076598789587,162.30207810661682,f,korea
50.10389785466006,160.8370554199061,f,korea
50.83135473862536,157.55074235656505,f,korea
47.97151824014454,156.22232496262438,f,korea
50.4705618566514,158.58464933361643,f,korea
50.19856772403895,163.8349164719563,f,korea
52.711570673571096,164.05759522700728,f,korea
50.20465973689016,160.02261019265487,f,korea
50.91632337128387,163.34639279299256,f,korea
49.68728269464479,158.83872370681692,f,korea
51.48256162386096,158.11366194067054,f,korea
53.41896452343176,161.39087476723168,f,korea
47.99934682986694,153.9080308428585,f,korea
50.05033115542898,160.4988940401639,f,korea
51.046525778478745,162.7165891112612,f,korea
45.48316709582909,155.28157915143836,f,korea
49.118002433834434,157.38368361306442,f,korea
47.56993637810138,160.4484052953248,f,korea
49.524534293921285,158.32788120870646,f,korea
52.08136009758592,163.6414265113099,f,korea
53.28761205590076,163.5916300293507,f,korea
50.882275509292114,161.0157240812461,f,korea
50.542724010969714,161.0409519704316,f,korea
48.80588570995899,160.58619418330665,f,korea
52.369748069542936,163.0417099587502,f,korea
47.51073374940125,159.39004902264733,f,korea
53.21639528871946,158.43196686569954,f,korea
52.41775427160346,164.56516033806383,f,korea
50.82468051645992,160.54879467365666,f,korea
53.248903027158185,159.4805817438045,f,korea
49.2285842999137,159.38342293170854,f,korea
48.51203264537636,166.28005540633555,f,korea
52.046392380073705,159.08816047162415,f,korea
53.07561424104112,165.1284197127422,f,korea
47.22316481834195,154.538826923345,f,korea
50.34420441510257,160.44673942239083,f,korea
53.41749876723486,163.52198256135364,f,korea
48.79692428392913,158.82940687251642,f,korea
48.62249851004338,161.30655507589486,f,korea
49.76215784845346,158.6453741137153,f,korea
47.74218666267908,158.8001124155029,f,korea
51.66037890717217,158.550186941405,f,korea
47.979726051893685,157.06766791436772,f,korea
49.11350742597147,156.55952995550325,f,korea
50.74908396779177,162.97632558836173,f,korea
53.63478585953317,163.03982840956527,f,korea
45.42030443223841,156.3482277361004,f,korea
51.35247106298489,163.1487173546047,f,korea
51.28851606484052,159.70705615308842,f,korea
50.54512518858304,158.40317606713091,f,korea
51.639367372241736,164.0131191568929,f,korea
47.89714666351259,155.77265256572602,f,korea
50.48660154357032,160.6058308139733,f,korea
50.49740749189616,161.65788760740574,f,korea
49.41789343199287,158.0770927111124,f,korea
52.54788624006893,157.80833493785235,f,korea
51.55467517100634,161.59016843575185,f,korea
50.58286439174962,155.82650347448003,f,korea
48.89399218124455,159.28341912387395,f,korea
50.68488926689325,161.0549887774268,f,korea
50.793983021545,156.91673919548347,f,korea
45.4948655762785,158.91932690824007,f,korea
45.44161214301592,154.8601239736258,f,korea
52.2732000347984,161.745168317726,f,korea
56.02627835179906,162.26261451793903,f,korea
48.79938480980181,158.29853804502565,f,korea
49.18193354092671,159.53558516271914,f,korea
49.917987786685245,157.11750406696643,f,korea
49.20025668550602,158.4824037130861,f,korea
49.12846986032106,158.61195336914477,f,korea
46.08572042139487,154.87835736468327,f,korea
48.326624717990704,155.67115346508405,f,korea
51.57896904029944,160.29752390431267,f,korea
50.93373165388843,167.27661160846105,f,korea
44.94944472820765,157.5521525081694,f,korea
52.26357766221828,162.82231844353538,f,korea
48.19251204370598,156.89355192865685,f,korea
47.9085415080623,163.2332800528486,f,korea
48.15030286875424,159.58703467877345,f,korea
49.33238710189332,160.07396605230377,f,korea
47.928226581630376,156.56842473424524,f,korea
51.49588528281868,163.13584205632253,f,korea
49.58649085434419,158.3045518602602,f,korea
50.75996059111792,162.28782060783212,f,korea
50.41099523656793,162.1402671478092,f,korea
51.08424056173675,159.47204621699012,f,korea
49.28358818024982,161.86694487548004,f,korea
53.3861476101908,167.73816859349432,f,korea
54.07621182897408,161.26816468434592,f,korea
48.16391613434381,159.45013276094264,f,korea
51.036775309748506,159.26651087261757,f,korea
46.76313861683403,159.85895209842715,f,korea
47.52199944279078,157.57360775913668,f,korea
54.32821905070259,165.4317948296207,f,korea
45.42197919821443,150.53066035521317,f,korea
53.94442981265029,166.35921268256848,f,korea
51.749113362624726,157.16301512828502,f,korea
49.30359034633045,163.2278376160982,f,korea
51.66174617704065,162.5541942654284,f,korea
51.34663244756584,161.20529425929388,f,korea
52.68188629036735,160.46780925538584,f,korea
52.379971184255545,163.46770255856106,f,korea
48.250652419312445,156.11915244680768,f,korea
54.85140360488831,162.98293323686798,f,korea
49.12898623555287,160.47896190932207,f,korea
52.56507370313779,160.59592047558158,f,korea
47.975759436296165,157.2556888512188,f,korea
51.79640583149888,160.86570830948935,f,korea
50.30050410300822,160.34814497595113,f,korea
51.05086326761901,159.00697042631333,f,korea
47.4289352056714,157.06970590020347,f,korea
50.7939637842002,161.8021595440772,f,korea
52.14436596379404,161.57517854856192,f,korea
53.03206153031567,164.76085755474588,f,korea
47.96640470357311,157.4138663771888,f,korea
50.118307157618986,158.56930558825428,f,korea
49.325482277771314,159.12937671151516,f,korea
51.24989221172181,162.9398614318596,f,korea
50.702537052640565,162.1339300430453,f,korea
45.17542881949253,151.47940081584295,f,korea
48.131597212778864,159.91844593179113,f,korea
48.22335475363373,155.82890085465897,f,korea
49.78595256774203,160.17668563143556,f,korea
48.33303418132458,156.58666581523602,f,korea
44.667634457124514,157.05852220543002,f,korea
51.57280225074631,162.6866802763573,f,korea
50.34479146285791,159.2023251718211,f,korea
47.1999010869752,155.95986067691598,f,korea
51.38918493455223,167.1930667034455,f,korea
44.238263022405775,157.07562551354488,f,korea
50.24503893458342,156.86299312577063,f,korea
50.70956560517011,160.87655132792332,f,korea
46.92624244609095,159.0678521281804,f,korea
49.21581123253073,154.75101247897052,f,korea
51.18125782010141,156.1374709359568,f,korea
48.77275046276351,162.25114723652993,f,korea
47.0950246261226,155.3264673891363,f,korea
51.318888081869616,159.44897016525246,f,korea
50.803467534998354,162.20181017598065,f,korea
49.54076297487051,157.4047984336885,f,korea
54.409500429121046,163.67828330903097,f,korea
48.74482891599428,158.19926394220462,f,korea
48.801400696223205,153.9421877347791,f,korea
49.79207661467506,158.12503096322493,f,korea
52.43979362811545,164.23219242159868,f,korea
52.02678708063884,163.17877620035077,f,korea
49.32855482858476,161.26249775064773,f,korea
50.08489367549404,158.50944080302918,f,korea
49.67044545546201,160.0822787380477,f,korea
51.9156976901039,162.24456403432603,f,korea
50.5464257703424,160.6851362066688,f,korea
50.91196258707945,160.21067688965985,f,korea
50.23889050905573,160.98764791083616,f,korea
47.68422595856878,159.19463820467314,f,korea
50.3215249787179,160.74398492004727,f,korea
50.41816680832908,166.29511713547566,f,korea
51.80253992407077,161.30072712205185,f,korea
46.45034312511799,157.3940383824391,f,korea
51.19934346552877,162.3631693841317,f,korea
53.11082949928991,160.3428593158256,f,korea
47.941773289626205,157.1692919930226,f,korea
45.19878823965799,156.64270290783176,f,korea
50.15732753820444,160.7165437002337,f,korea
51.17709740270654,160.48746436611262,f,korea
44.70672347470784,156.37776459777962,f,korea
50.2032330342774,160.3315551196388,f,korea
42.31300517131863,156.0520801157463,f,korea
51.08331060549932,160.2046999262674,f,korea
52.32216493268998,163.0314881499471,f,korea
51.91590420583458,164.14111748230843,f,korea
46.90137399809301,153.45930551513163,f,korea
48.51541095745407,156.24539418104814,f,korea
46.83557363377704,158.494940776796,f,korea
49.37583157424338,155.43539196704998,f,korea
47.98318147100986,157.23024579539882,f,korea
51.63804921884039,162.0826927697039,f,korea
50.60034720701939,159.51260607771263,f,korea
46.04403951418878,157.42044457699984,f,korea
49.42898392027689,155.463329415045,f,korea
51.73190340319759,162.6174953820859,f,korea
50.4056859475733,162.71202668081537,f,korea
49.19904713470434,159.6409690400553,f,korea
45.34040064115865,153.01450701926112,f,korea
50.11614368073014,158.5010531429226,f,korea
46.32478627917471,160.06113008202175,f,korea
54.07450748996128,163.71604532285662,f,korea
53.324923185060335,163.0401647951636,f,korea
48.814344110111485,157.68326331893928,f,korea
50.71727061481722,159.4653481466437,f,korea
52.57688235497997,159.61308765540622,f,korea
50.02103500458569,157.0075933100819,f,korea
47.824005929562254,159.4890646116762,f,korea
49.58567049348237,162.86788710999502,f,korea
52.13937716935097,166.87318244428857,f,korea
48.528598408649664,157.752248595442,f,korea
47.8134645819088,157.22878096494682,f,korea
48.842487065295984,160.9176743936677,f,korea
47.40777141626906,156.68173675354092,f,korea
48.08314479435906,157.01456217049807,f,korea
48.38150041892317,160.1709427035401,f,korea
48.72464463527137,159.22506395688288,f,korea
49.06664259475998,159.3380414307101,f,korea
50.934308300459286,162.1240980681277,f,korea
49.137613406152845,156.439846799507,f,korea
45.7068715349943,157.28400128251764,f,korea
49.65063367784568,161.5010876531288,f,korea
53.08244912467252,166.22826924038694,f,korea
52.88139019901704,164.09106754038763,f,korea
51.51551728054676,163.35426977460926,f,korea
51.0038632723779,161.53058869469427,f,korea
50.424171055563306,158.23287447235938,f,korea
49.52839904461728,159.23295546887934,f,korea
49.34410862327188,162.59478261642556,f,korea
50.95049847072699,158.8766936428588,f,korea
50.49989356863847,158.63282369413204,f,korea
46.83839072322751,154.40516506980305,f,korea
50.41062350520564,158.9324064987996,f,korea
47.20471419590088,156.99242975839098,f,korea
51.23201501084495,157.77015010423335,f,korea
44.65832485313491,157.52390783572065,f,korea
47.22107805630656,155.574327223912,f,korea
49.56833531624417,161.54759747022948,f,korea
47.35203735031669,157.03281418187655,f,korea
49.893874221228224,160.77127416985624,f,korea
49.0581950445424,159.6676529097194,f,korea
50.76932496695175,160.96665401655025,f,korea
53.87554135410264,166.72447864220058,f,korea
51.85690952048885,163.7794571081875,f,korea
52.335325242097085,157.7218630492458,f,korea
52.15573906110925,165.67691399017764,f,korea
55.13844357089728,165.88506155535305,f,korea
47.50975474956168,156.81862540423467,f,korea
50.45470923798084,159.9277998619393,f,korea
54.97194141775052,162.8476236606891,f,korea
49.57820481237993,159.44852370154774,f,korea
49.5836638327861,156.59390617279823,f,korea
49.06932029558112,160.4291058243366,f,korea
50.5804540380421,161.09418861238208,f,korea
50.738466710425705,156.7629278723079,f,korea
46.44358810991029,157.86066166958335,f,korea
50.44167562697835,158.73204460601542,f,korea
49.99139708241629,158.78483677621966,f,korea
51.60204899190305,164.53665398920663,f,korea
50.60047909282862,157.93436428103158,f,korea
53.29871734503031,165.52997032389635,f,korea
49.7436824249513,159.30616012990865,f,korea
48.813248691399714,157.99432706511553,f,korea
50.181382758574784,160.3513002396057,f,korea
50.98138951579039,160.1079946425997,f,korea
48.73608290808637,164.5388517617054,f,korea
45.66892847646445,153.09197655724896,f,korea
49.35059379446193,159.36519848167984,f,korea
49.35753046072016,158.55650351831974,f,korea
52.53039892966328,164.8264441025577,f,korea
52.31657146419749,160.6030691965929,f,korea
53.71979961056945,163.13630374444867,f,korea
52.65835660274392,160.8346596069505,f,korea
52.18846484073989,164.12811448101436,f,korea
52.03504816448829,162.93018563980934,f,korea
47.869108878573,161.62905399909252,f,korea
47.62233195832355,159.77951430691084,f,korea
48.59335809725367,157.1148765486261,f,korea
47.532643009731736,160.07643447180112,f,korea
48.79446126252324,158.230648853323,f,korea
51.2246344034001,163.0480551570718,f,korea
50.76388237454156,161.5488123708925,f,korea
50.62179312512821,157.67025493201808,f,korea
53.11637899649719,163.87938422670274,f,korea
47.17602634883351,156.82183204013725,f,korea
53.46647271886505,165.9713910629735,f,korea
45.5068200694742,153.11412340482156,f,korea
47.41874106683805,157.1883579192776,f,korea
51.13178342567374,162.83997150909502,f,korea
51.918793511687134,165.92953717638514,f,korea
53.44892007110017,166.700941125903,f,korea
45.62725631993348,155.54105805111064,f,korea
49.6741142371208,160.76112654490706,f,korea
48.97878659733983,158.71656042847513,f,korea
51.65200088453863,161.78207966947087,f,korea
47.41147865693278,154.34677605958476,f,korea
53.14275774264269,162.8856727756906,f,korea
51.90954313001838,162.19421722373983,f,korea
52.67306848549426,162.343114153274,f,korea
48.32175061273492,157.2231367491405,f,korea
49.43221012396537,156.6282490316591,f,korea
46.84517578860959,152.59524316096056,f,korea
48.18161089007059,155.4270998790166,f,korea
54.87820963630424,167.87133214581812,f,korea
47.010516013117474,156.76378335003002,f,korea
48.70117386849418,158.0908781717496,f,korea
50.03376662104677,158.98085942445144,f,korea
46.846699312373445,155.77368234099993,f,korea
47.85733726630568,157.51659635063834,f,korea
50.55600123933116,163.2668251531473,f,korea
50.68024541860015,158.5706014292393,f,korea
49.8742347327884,158.94608511708708,f,korea
48.17065760650526,154.12539170938243,f,korea
48.08822660995871,159.09024549861192,f,korea
50.26417425287925,161.62922166589357,f,korea
44.20990953743467,155.55514340404005,f,korea
49.67519545599186,158.07936455226752,f,korea
44.51057186331438,156.0846951687571,f,korea
48.12424914571637,157.7665037633914,f,korea
46.28101175376081,153.98844468878755,f,korea
53.39665664830821,163.5299917898111,f,korea
48.25570968646545,160.95838577073673,f,korea
49.82472762805709,163.3384339245857,f,korea
50.52781424536901,160.65683231009754,f,korea
46.59341872431111,155.19751234373112,f,korea
51.56775635376937,161.18418569441147,f,korea
50.698647465931145,160.61705262482187,f,korea
48.16972242547466,158.04302996679257,f,korea
50.67349262764755,161.05009956817798,f,korea
47.28839438412039,156.3387610848846,f,korea
50.44803342612283,163.78268602149996,f,korea
48.79398962796036,158.5980165833577,f,korea
47.74956904450733,160.72876474422355,f,korea
54.361003325752,166.70930891678978,f,korea
48.64391809017111,159.9828409787375,f,korea
50.46918225390901,163.0868605147787,f,korea
51.41196586544884,161.68562312652242,f,korea
51.18381381019505,162.63175561405993,f,korea
48.23499224495548,160.3919186304743,f,korea
50.28712667431034,162.5988854822285,f,korea
50.46320794069965,159.1859367991501,f,korea
53.31399259611408,165.97929967896158,f,korea
49.372940182100514,157.56931983182764,f,korea
46.69107683110766,156.19147407980395,f,korea
94.03354607893516,195.29778850122807,m,foreign
84.13939319141079,189.28964713417204,m,foreign
75.86029314549765,185.265390608824,f,foreign
87.4129806154308,189.6316775840313,m,foreign
84.93567544853254,187.1961774028284,m,foreign
79.38356456216246,195.9721429380392,m,foreign
83.87044483160899,186.6828755747478,m,foreign
94.6063644923651,202.1324261974001,m,foreign
83.57645148634116,198.0089321354048,m,foreign
85.88892450418106,188.21360132907952,m,foreign
80.9092454518982,191.4674251175573,m,foreign
79.93840199697544,188.59731672073227,f,foreign
80.73532542629113,184.4433741141704,m,foreign
84.70004514454342,184.35788750667783,m,foreign
86.40376081603769,185.9004750542128,m,foreign
92.5408035462326,192.4525339871484,m,foreign
82.36294946401999,185.2546237150565,m,foreign
83.7967163411384,187.0254132585284,m,foreign
89.77513576589594,196.2913515715097,m,foreign
84.75078815768686,191.19280717419232,m,foreign
77.56345847306262,177.2582446688412,f,foreign
80.58520147165294,181.30727909836563,m,foreign
88.78059250119281,193.56113415529177,m,foreign
90.0599892586919,190.2772430049272,m,foreign
67.11031284212396,177.82115580189017,f,foreign
78.15463231330523,188.3243500498869,m,foreign
74.75430841963114,183.0179794768437,f,foreign
91.19620832705708,190.10045570957288,m,foreign
87.77039422368287,187.98725545127647,m,foreign
88.02199535597875,193.45679752567185,m,foreign
